"hpl_id";"AllaLinjer"
"105005";"579"
"105112";"SL-pendeln Bålst"
"191001";"579"
"191002";"183_188"
"191003";"579_801_880"
"191004";"183_188"
"191006";"183_188"
"191007";"183_188"
"191008";"183_188"
"191009";"183_188"
"191010";"183_188"
"191011";"183_188"
"191015";"579"
"191016";"579"
"191017";"579"
"191018";"579"
"191019";"579"
"191025";"579"
"191027";"579"
"191028";"183_188_579"
"191040";"183_188_579"
"191044";"677_808"
"191045";"805_857"
"191067";"808"
"191068";"808"
"191069";"808"
"191070";"808"
"191071";"808"
"191074";"579_593_801_806"
"191076";"808"
"191077";"808"
"191078";"808"
"191079";"579"
"191081";"579"
"191082";"579"
"191085";"880"
"191086";"579_593_801_806"
"191087";"805"
"191088";"579_801_806_880"
"191089";"808"
"191113";"808"
"191114";"808"
"191115";"808"
"191116";"808"
"191117";"808"
"191118";"808"
"191119";"808"
"191120";"808"
"191121";"808"
"191122";"808"
"191123";"808"
"191124";"808"
"191125";"808"
"191126";"808"
"191127";"808"
"191128";"808"
"191129";"808"
"191130";"808"
"191132";"808"
"191134";"808"
"191135";"808"
"191136";"808"
"191137";"808"
"191138";"808"
"191139";"808"
"191140";"808"
"191141";"808"
"191142";"808"
"191143";"808"
"191144";"808"
"191145";"808"
"191146";"808"
"191147";"677"
"191148";"677"
"191149";"677"
"191150";"677"
"191151";"579_806"
"191152";"579"
"191153";"579"
"191154";"579"
"191155";"579"
"191156";"579"
"191157";"579_801_806_880"
"191158";"579"
"191159";"593"
"191166";"857"
"191167";"183_188"
"191169";"579"
"191170";"579_593_801"
"191172";"677"
"191173";"677"
"191174";"593"
"191180";"898"
"191182";"898"
"191183";"898"
"191185";"898"
"191186";"898"
"191210";"183_188"
"191211";"806"
"191214";"183"
"191215";"183_188"
"191216";"183_188"
"191217";"806"
"191218";"806"
"191220";"806"
"191221";"806"
"191222";"806"
"191223";"183_188_579"
"191225";"579_593_801_806"
"191226";"183_188_579"
"191227";"806"
"191228";"806"
"191229";"183_188_579"
"191230";"183_188"
"191231";"183_188"
"191233";"183_185_188"
"191234";"806"
"191237";"806"
"191238";"806"
"191239";"806"
"191240";"806"
"191242";"677"
"191243";"677"
"191244";"677"
"191245";"677"
"191246";"677"
"191247";"677"
"191249";"677"
"191250";"677"
"191252";"677"
"191253";"677"
"191254";"677"
"191255";"677"
"191256";"806"
"191257";"677"
"191258";"677"
"191259";"677"
"191260";"677"
"191262";"677"
"191263";"677"
"191264";"677"
"191265";"677"
"191267";"677"
"191268";"677"
"191269";"677"
"191270";"677"
"191271";"677"
"191272";"677"
"191273";"677"
"191276";"677"
"191277";"677"
"191278";"677"
"191282";"677"
"191286";"677"
"191287";"677"
"191290";"805"
"191291";"805"
"191293";"805_857"
"191294";"805_857"
"191295";"805_857"
"191296";"857"
"191297";"857"
"191298";"857"
"191299";"857"
"191300";"593_801"
"191304";"SL-pendeln"
"191306";"806"
"191329";"805"
"191330";"805_857"
"191332";"806"
"191333";"898"
"191334";"898"
"191347";"579_593"
"191701";"SL-pendeln"
"191702";"SL-pendeln"
"191703";"SL-pendeln"
"191704";"SL-pendeln"
"191705";"SL-pendeln"
"191706";"SL-pendeln"
"191707";"SL-pendeln"
"191709";"Upptåget Sala"
"191710";"SL-pendeln Bålst"
"191711";"SL-pendeln Bålst"
"191712";"SL-pendeln Bålst"
"191713";"SL-pendeln Bålst"
"191714";"SL-pendeln Bålst"
"191715";"SL-pendeln Bålst"
"191716";"SL-pendeln Bålst"
"191718";"SL-pendeln_SL-pendeln Bålst"
"191719";"SL-pendeln_SL-pendeln Bålst"
"191735";"579"
"191736";"579"
"191737";"579"
"191738";"579"
"191739";"579"
"191740";"579"
"191742";"593"
"191743";"593"
"191744";"593"
"191745";"593"
"191746";"593"
"191747";"593"
"191748";"593"
"194002";"876"
"194003";"876"
"194005";"876"
"194006";"876"
"194007";"876"
"194008";"876"
"194009";"876"
"194011";"876"
"194016";"876"
"194018";"876"
"194020";"876"
"194021";"876"
"194022";"876"
"194023";"876"
"194024";"876"
"194025";"876"
"194026";"876"
"194027";"876"
"480103";"501"
"480108";"510"
"480166";"501_510"
"480211";"501_510"
"480216";"501_510"
"480224";"501_510"
"480243";"501_510_753"
"480276";"501_510"
"480323";"501"
"480334";"501_510"
"480357";"501_510"
"480401";"501_753"
"480425";"501_510"
"480443";"501_510_753"
"480449";"501_510"
"480459";"501_510"
"480609";"510"
"480614";"501_510"
"480645";"501_510"
"480690";"501_510"
"480691";"501_510"
"492015";"501_510_753_Upptåget Gävle"
"660600";"773_774"
"700001";"11"
"700002";"1_3"
"700003";"1_9"
"700004";"7"
"700005";"7_751"
"700006";"3"
"700008";"6_30"
"700009";"3"
"700010";"3"
"700011";"3"
"700012";"3"
"700013";"3"
"700014";"3_4_7_11_31"
"700016";"3_4_31"
"700017";"3"
"700019";"3"
"700020";"3_11"
"700021";"1_3_4_8_11_12"
"700022";"3_11_107"
"700025";"3_4_8_30_100_101_107_188_896"
"700032";"6_9_100_103_104_105_106_108_109_110_111_115_514_772_773_774_804_821_823_844_848_895"
"700043";"9"
"700044";"9"
"700051";"6_30"
"700052";"6_30"
"700053";"1_7_30"
"700055";"30"
"700057";"7_30"
"700058";"7_30"
"700059";"7"
"700060";"7"
"700061";"7"
"700062";"2_3_4_7_88_116_118_119_751_775_777_805_811_886"
"700063";"5_8_9"
"700064";"11"
"700065";"1_2_7_11"
"700066";"1_11_12"
"700069";"2_7_12"
"700070";"2_7_12"
"700071";"12"
"700072";"2_7_12_30"
"700073";"7"
"700074";"7"
"700076";"7"
"700077";"7"
"700078";"7"
"700080";"7"
"700081";"7"
"700082";"11_751"
"700083";"8_11"
"700085";"8_11"
"700086";"8_11"
"700087";"7"
"700094";"1_6"
"700095";"6"
"700100";"6"
"700101";"6_12"
"700103";"6_12"
"700104";"5_6_12_108_109_752_773_774_804_848_895"
"700106";"6"
"700107";"6"
"700109";"6_12"
"700110";"2_6_7"
"700114";"110_115_752_823"
"700115";"2_110_115"
"700117";"2"
"700118";"2"
"700119";"2"
"700121";"2"
"700122";"2"
"700123";"2"
"700125";"1_2_752"
"700126";"1_2_752"
"700128";"30"
"700129";"1_5_108_109_772_773_774_804_844_848_895"
"700130";"5_752"
"700132";"1_3"
"700134";"1_3"
"700135";"1_3"
"700137";"1_3_30"
"700139";"3_30"
"700141";"1_4_30_32_88_116_118_119_751_770_775_777_805_811_886"
"700142";"4_30"
"700143";"4_30"
"700146";"4_88_116_118_119_751_805_811_886"
"700147";"4"
"700152";"8"
"700153";"8"
"700155";"8"
"700157";"8"
"700159";"8"
"700160";"8"
"700162";"8_10_100_103_104_105_106_110_111_115_514_821_823"
"700166";"2_12_30"
"700167";"30"
"700169";"2_12_30"
"700170";"2_12_30"
"700171";"30"
"700172";"5_8_10_100_103_104_105_106_108_109_110_111_115_514_804_821_823_844_848_895"
"700184";"30"
"700186";"30"
"700189";"2"
"700191";"2"
"700192";"30"
"700193";"30"
"700194";"30"
"700195";"30"
"700196";"30"
"700198";"30"
"700200";"7"
"700201";"1_7_770"
"700202";"10"
"700203";"1_7_770"
"700204";"7_11_770_804"
"700208";"5_136_139"
"700209";"5"
"700212";"5_12"
"700213";"5_12"
"700214";"5_12"
"700218";"1_4_12_751"
"700221";"4_12"
"700222";"4_12"
"700223";"4_12"
"700224";"4_12_100_101_188"
"700225";"4_12_100_101_188"
"700227";"12"
"700228";"110_752_823"
"700229";"110_115"
"700230";"110_115_770"
"700231";"110_770"
"700232";"770"
"700233";"110"
"700234";"110"
"700235";"115_770"
"700237";"115"
"700238";"115_770"
"700239";"115"
"700240";"115"
"700241";"115_770"
"700243";"110_115"
"700244";"110_115_191_752_770_823"
"700247";"110_115_191_823"
"700248";"110_115_191_823"
"700249";"110_115_191_823"
"700250";"110_115_191_823"
"700251";"110_115_191_823"
"700252";"110_115_191_823"
"700253";"191"
"700255";"1_32"
"700256";"1_199"
"700259";"5_9_102_186_677_804_809"
"700260";"10"
"700262";"10"
"700265";"10"
"700266";"10"
"700268";"10"
"700270";"1_804"
"700272";"11"
"700275";"4"
"700277";"4"
"700278";"5_108_109_752_804_848_895"
"700284";"4_8_31_101_188"
"700285";"8_31_101_188_751"
"700286";"31"
"700287";"8_31_101_188"
"700288";"8_31"
"700289";"8_31_101_188"
"700293";"11"
"700294";"11"
"700300";"104_105_111_168"
"700301";"111"
"700302";"104_111"
"700303";"104_111"
"700305";"111"
"700306";"111_168"
"700308";"111_168"
"700309";"111_168"
"700310";"100_111_514_821"
"700311";"100_111_514_821"
"700312";"100_103_111_514_821"
"700313";"100_103_111_514_821"
"700314";"100_103_111_514_821"
"700315";"100_103_104_105_111_514_821"
"700316";"100_103_104_105_111_514_821"
"700317";"100_103_104_105_111_514_821"
"700320";"9"
"700321";"9"
"700322";"1_844"
"700323";"9"
"700325";"3_4_8_30_101_107_188_896"
"700330";"1_10"
"700333";"5_9_102_186_677_751_801_804_809_880"
"700334";"5_9_149"
"700335";"5_9"
"700336";"5_9_10"
"700338";"5_31"
"700339";"5_31"
"700340";"5_31_152_153"
"700342";"5_31"
"700343";"31"
"700345";"110_115_823"
"700347";"110_115_752_823"
"700349";"110_115_752_823"
"700353";"9_152"
"700354";"9"
"700355";"9_31_152"
"700356";"9_31"
"700358";"9"
"700359";"152"
"700360";"9_152"
"700361";"9_152"
"700362";"9_152"
"700363";"9"
"700364";"10_152"
"700365";"10"
"700366";"10"
"700367";"5_10"
"700368";"100_103_104_105_106_111_514_821"
"700369";"100_103_104_105_106_111_514_821"
"700370";"10"
"700371";"10"
"700373";"10"
"700374";"1_10"
"700377";"844"
"700379";"11"
"700381";"11"
"700384";"30"
"700387";"8_100_101_188_896"
"700388";"8_100_101_188_896"
"700389";"8_896"
"700392";"8_11"
"700393";"8_11"
"700398";"82"
"700400";"4_12"
"700401";"1"
"700404";"11"
"700406";"11"
"700407";"11"
"700408";"11"
"700409";"11_130"
"700411";"11_107"
"700412";"11_107"
"700413";"11_107"
"700414";"11_107"
"700415";"119_199"
"700416";"119_199"
"700417";"119_199"
"700418";"119_199"
"700420";"119_199"
"700421";"119_199"
"700422";"119_199"
"700423";"119_199"
"700424";"119_190_199"
"700425";"88_116_118_119_805_811_886"
"700426";"190"
"700433";"119_199"
"700434";"119_199"
"700435";"119_199"
"700436";"119_199"
"700437";"119_199"
"700438";"119_199"
"700441";"6"
"700443";"6"
"700444";"6"
"700445";"6"
"700446";"5"
"700448";"119_199"
"700449";"32"
"700450";"6"
"700466";"30"
"700474";"30"
"700475";"30"
"700488";"5_12"
"700489";"119_199"
"700491";"6_30"
"700492";"30"
"700493";"30"
"700499";"1_10"
"700512";"11_804"
"700513";"7_11_804"
"700515";"115"
"700517";"752"
"700524";"31"
"700525";"1_3_4_8_11_12_100_101_107_188_896"
"700527";"11_770_804"
"700531";"10"
"700532";"1_110_115_823"
"700536";"108_109_752_773_774_804_848_895"
"700538";"8"
"700539";"5_9_149"
"700541";"4_30_88_116_118_119_751_805_811_886"
"700544";"10_772_844"
"700545";"104_111"
"700546";"102_149_186_677_809"
"700547";"1_102_149_186_677_801_804_809_880"
"700549";"9"
"700550";"6"
"700552";"1_10"
"700553";"31_101_188"
"700554";"31"
"700555";"31"
"700558";"110_115_191_823"
"700566";"1_10"
"700567";"1_32"
"700568";"30"
"700570";"12_136_139"
"700571";"5"
"700572";"4_12"
"700574";"4_12"
"700575";"2_7_12"
"700578";"3_4_8_100_101_107_188_896"
"700579";"3_11_107_751"
"700581";"2_3_30"
"700583";"2_7_12"
"700587";"3_4_8_100_101_107_188_896"
"700588";"30"
"700589";"2_7_12"
"700591";"2_6_7"
"700592";"804"
"700593";"1_11_12"
"700594";"30"
"700597";"100"
"700599";"12"
"700600";"2_3_4_5_6_7_8_9_10_11_30_88_100_101_102_103_104_105_106_107_108_109_110_111_115_116_118_119_149_186_188_514_593_677_751_772_773_774_775_777_801_804_805_809_811_821_823_844_848_880_886_895_896_SL-pendeln_Upptåget Sala_Upptåget Gävle"
"700602";"5_752"
"700604";"11"
"700605";"30"
"700607";"2"
"700608";"11"
"700610";"5_12"
"700612";"770_823"
"700613";"1_32_777"
"700619";"5"
"700620";"10"
"700621";"9"
"700622";"2_7_10"
"700636";"1_7_770"
"705000";"310"
"705001";"310"
"705002";"310"
"705003";"301_302_303_304_305_310_311_579_803_898_903"
"705006";"895"
"705007";"895"
"705008";"311"
"705009";"311"
"705010";"311"
"705011";"311"
"705012";"310"
"705017";"302_303"
"705018";"301_305"
"705019";"311"
"705020";"803"
"705021";"303_305"
"705023";"303_305"
"705024";"303_305"
"705025";"302_305"
"705026";"302_305"
"705027";"302_305"
"705028";"301_305"
"705029";"302_305"
"705031";"311"
"705032";"302_305"
"705033";"302_305"
"705034";"301_305"
"705036";"301_305"
"705037";"302_303_305"
"705038";"301_305"
"705039";"302_305"
"705040";"301_305_579_896_898"
"705041";"302"
"705042";"303_305"
"705043";"579_896"
"705044";"301_305"
"705045";"303_305"
"705047";"303_305"
"705049";"304_305_310"
"705050";"304_305_310_311_803_895_898_903"
"705052";"304_305_310_311_803_895_898_903"
"705054";"304_310_311_803_895_898_903"
"705055";"310"
"705057";"310_311_803_895"
"705058";"310"
"705059";"310"
"705061";"310_311_803_895"
"705062";"310"
"705063";"310"
"705064";"310"
"705065";"310"
"705066";"310"
"705067";"310"
"705068";"310_311_803_895"
"705069";"310"
"705070";"310"
"705071";"310"
"705072";"311_803_895"
"705073";"311"
"705074";"803_895"
"705075";"311"
"705076";"803_895"
"705077";"311"
"705078";"803_895"
"705079";"803"
"705080";"895"
"705081";"311"
"705082";"311"
"705083";"803"
"705084";"803"
"705085";"895"
"705087";"311"
"705088";"895"
"705089";"311"
"705090";"311"
"705091";"311"
"705092";"311"
"705093";"311"
"705095";"311"
"705097";"311"
"705098";"311"
"705100";"311"
"705102";"311"
"705103";"311"
"705104";"311"
"705106";"311"
"705107";"303_305"
"705108";"301_305"
"705109";"311"
"705110";"311"
"705111";"301"
"705114";"304"
"705115";"304"
"705116";"304"
"705117";"304"
"705120";"304"
"705121";"310"
"705122";"303"
"705123";"303"
"705124";"311"
"717001";"844"
"717002";"844"
"717003";"844"
"717004";"844"
"717005";"844"
"717006";"865_867"
"717007";"865_867"
"717008";"865_867"
"717009";"865_867"
"717010";"865_867"
"717011";"865_867"
"717012";"865_867"
"717013";"865_867"
"717014";"865_867"
"717015";"865_867"
"717016";"865_867"
"717017";"865_867"
"717018";"865_867"
"717019";"865_867"
"717020";"865_867"
"717021";"865_867"
"717022";"867"
"717023";"867"
"717024";"867"
"717025";"867"
"717026";"867"
"717027";"867"
"717028";"867"
"717029";"867"
"717030";"867"
"717031";"867"
"717032";"865_867"
"717033";"867"
"717034";"867"
"717035";"867"
"717036";"867"
"717037";"867"
"717038";"513"
"717039";"865"
"717040";"865"
"717041";"865"
"717042";"865"
"717043";"865"
"717044";"865"
"717045";"865"
"717046";"865"
"717047";"865"
"717048";"865"
"717049";"865"
"717050";"865"
"717051";"865"
"717052";"865"
"717053";"865"
"717054";"865"
"717055";"865"
"717056";"865"
"717057";"865"
"717058";"865"
"717059";"865"
"717060";"865"
"717061";"865"
"717062";"865"
"717063";"865"
"717064";"865"
"717065";"867"
"717066";"867"
"717067";"867"
"717068";"867"
"717069";"867"
"717070";"867"
"717078";"865"
"717079";"513"
"717083";"848"
"719000";"Upptåget Gävle"
"719006";"501_502_504_510_518_832"
"719007";"501_502_503_510_518_832"
"719008";"502"
"719012";"518"
"719013";"518"
"719014";"518"
"719018";"504"
"719019";"504"
"719020";"503_504"
"719021";"502"
"719022";"501_510"
"719023";"501_503_504_510_518_832"
"719024";"503_504"
"719025";"501_510_753"
"719043";"504"
"719044";"504"
"719046";"518"
"719047";"518"
"719050";"518"
"719051";"518"
"719052";"518"
"719053";"518"
"719054";"518"
"719055";"502"
"719056";"502"
"719057";"518"
"719058";"502"
"719059";"502"
"719060";"510_518_832"
"719061";"510_753_832"
"719062";"501_503_510_518_832"
"719063";"502"
"719066";"501_503_504_510_518_832"
"719067";"502"
"719068";"501_503_504_510_518_832"
"719069";"502"
"719070";"501_503_504_510_518_832"
"719071";"502"
"719072";"501_503_504_510_518_832"
"719073";"502"
"719074";"501_503_504_510_518_832"
"719076";"502"
"719077";"501_504_510_518_832"
"719078";"501_504_510_518_832"
"719079";"503_504"
"719082";"503_504"
"719083";"503_504"
"719086";"503_504"
"719088";"501_502_504_510_518_753_832"
"719092";"501_502_504_510_518_832"
"719094";"501_502_504_510_518_832"
"719101";"501_510"
"719102";"504"
"719103";"501_510"
"719104";"504"
"719105";"501_510"
"719106";"501_510_753"
"719107";"504"
"719108";"504"
"719109";"504"
"719110";"502_504"
"719113";"502_503_504"
"719115";"Upptåget Gävle"
"719117";"504"
"719118";"502"
"719200";"501_504_Upptåget Gävle"
"730000";"102_180_181_677_801_880"
"730002";"170_178"
"730003";"170_178"
"730004";"171"
"730006";"183_184"
"730007";"183_184"
"730012";"102_176_180_181"
"730013";"102_176_180_181"
"730014";"102_176_180_181"
"730015";"102_176_180_181"
"730017";"173_177_185_187"
"730018";"170_178"
"730019";"170_178"
"730020";"170_178"
"730021";"170"
"730022";"170_178"
"730028";"172_176"
"730029";"176"
"730030";"176"
"730033";"173"
"730035";"173_178_184"
"730036";"171_178_186_677"
"730037";"173_184_187"
"730038";"173_184_187"
"730039";"173_184_187"
"730040";"173_184_187"
"730041";"173_184_187"
"730042";"173_184_187"
"730043";"173_184_187"
"730044";"173_187"
"730045";"185"
"730046";"173_185"
"730047";"185"
"730049";"806"
"730050";"177"
"730051";"177"
"730052";"173"
"730054";"171"
"730055";"171"
"730056";"170_178"
"730059";"171_186_593_801"
"730060";"173"
"730063";"174"
"730064";"173"
"730066";"177_185"
"730067";"177"
"730069";"177"
"730072";"178"
"730073";"178"
"730076";"177_185"
"730077";"173_184"
"730078";"173_184"
"730079";"173_184"
"730082";"177_185"
"730083";"171_186_677"
"730084";"102_180_181"
"730086";"101_102_172_173_177_180_181_183_185"
"730087";"185"
"730089";"174"
"730090";"171"
"730091";"102_180_181"
"730092";"171"
"730093";"171"
"730095";"171"
"730096";"171"
"730097";"171"
"730098";"171"
"730099";"171"
"730100";"171"
"730101";"171"
"730102";"171"
"730103";"171"
"730104";"171"
"730105";"170_178"
"730106";"170_178"
"730107";"170_178"
"730108";"170_178"
"730109";"170_178"
"730110";"170_178"
"730111";"170"
"730112";"172_174_175"
"730113";"172_174_175"
"730114";"175"
"730115";"175"
"730116";"175"
"730117";"175"
"730121";"172"
"730122";"172"
"730123";"174"
"730124";"174"
"730125";"178"
"730126";"178"
"730127";"178"
"730128";"178"
"730129";"178"
"730130";"178"
"730131";"177"
"730132";"177"
"730133";"177"
"730134";"177"
"730135";"177"
"730136";"177"
"730137";"177"
"730138";"173_184_187"
"730139";"173_184_187"
"730140";"173_184_187"
"730141";"173_184_187"
"730142";"185"
"730143";"185"
"730144";"185"
"730146";"177"
"730147";"185"
"730148";"173_184"
"730149";"170"
"730150";"177"
"730152";"173_184_187"
"730153";"173_184_187"
"730154";"171"
"730155";"186"
"730156";"177"
"730157";"102_180_181"
"760004";"524_532_539"
"760005";"510_511_513_516_517_518_531_533_534_535_821_835_952_Upptåget Gävle"
"760006";"524"
"760009";"514_517_524_817_Upptåget Gävle"
"760011";"510_511_832"
"760012";"510_515_832_835"
"760013";"515_835"
"760018";"510_517_821"
"760030";"524"
"760034";"516"
"760035";"516_518"
"760036";"515"
"760037";"515"
"760038";"510_511_515_832"
"760039";"510_531_835"
"760040";"522"
"760042";"515"
"760044";"515"
"760045";"510_531_835"
"760046";"510_511_832"
"760047";"511"
"760048";"510_511_531_835"
"760049";"511_531"
"760050";"511_531"
"760051";"510_835"
"760054";"517_Upptåget Gävle"
"760055";"524"
"760058";"522"
"760060";"514_532_539"
"760061";"533_534_535"
"760062";"510_835"
"760063";"524"
"760064";"524"
"760065";"524"
"760066";"524"
"760067";"524"
"760068";"524"
"760069";"524"
"760070";"513_821"
"760071";"513_821"
"760072";"517"
"760073";"517"
"760074";"517"
"760075";"514_524_817"
"760076";"514"
"760086";"510_835"
"760091";"514"
"760093";"535"
"760094";"533_534"
"760095";"533_534"
"760097";"514"
"760098";"522"
"760099";"514"
"760101";"522"
"760102";"103"
"760103";"514"
"760104";"103_539"
"760105";"514"
"760107";"514_539"
"760108";"103_539"
"760109";"514_539"
"760110";"103_539"
"760111";"103_514_532_539"
"760112";"514_532_539"
"760114";"514_532_539"
"760115";"514_532_539"
"760116";"521"
"760117";"514_532_539"
"760118";"521"
"760119";"514_532_539"
"760120";"521"
"760121";"521"
"760122";"515_521"
"760123";"521"
"760124";"514_532"
"760125";"521"
"760126";"514_532"
"760127";"514_532"
"760128";"521"
"760129";"511"
"760132";"514_532"
"760134";"513_530"
"760135";"821"
"760136";"513_530"
"760137";"513"
"760138";"514_532"
"760139";"513_530"
"760140";"821"
"760141";"821"
"760142";"513_530"
"760143";"821"
"760144";"817"
"760146";"532_817"
"760147";"821"
"760148";"514"
"760149";"532_817"
"760152";"532_817"
"760153";"513_821"
"760155";"524_532_817"
"760157";"517"
"760158";"532_817"
"760159";"517"
"760160";"524_532_817"
"760161";"513_821"
"760162";"524"
"760163";"517"
"760164";"524"
"760166";"513_533_534_821"
"760167";"517"
"760169";"513_821"
"760171";"517"
"760173";"534"
"760174";"517"
"760175";"524"
"760176";"534"
"760177";"534"
"760178";"534"
"760179";"513_821"
"760180";"534"
"760181";"517"
"760182";"534"
"760183";"534"
"760184";"534"
"760186";"524"
"760187";"517"
"760189";"513_821"
"760191";"515"
"760192";"510_832"
"760193";"515"
"760194";"515"
"760195";"515_521"
"760196";"515_521"
"760199";"515"
"760200";"515_521"
"760201";"515"
"760204";"515"
"760205";"515"
"760206";"515"
"760209";"510_832"
"760210";"513_534_821"
"760212";"510_511_832"
"760214";"522"
"760215";"511"
"760217";"510_511_832"
"760218";"510_511_832"
"760219";"510_511_832"
"760222";"517"
"760223";"515"
"760224";"515"
"760225";"513_821"
"760226";"510_511_832"
"760227";"515"
"760228";"524"
"760230";"515"
"760231";"517"
"760232";"510_511_832"
"760233";"511"
"760234";"511"
"760235";"510_511_832"
"760236";"513_533_821"
"760237";"513_821"
"760238";"515"
"760239";"515"
"760240";"510_511_832"
"760241";"511"
"760242";"513_821"
"760243";"535"
"760244";"535"
"760245";"522"
"760246";"510_511_832"
"760247";"535"
"760249";"535"
"760250";"522"
"760252";"524"
"760253";"515"
"760254";"515"
"760255";"522"
"760257";"511"
"760258";"515_522"
"760259";"522"
"760260";"515"
"760261";"515_522"
"760262";"522"
"760264";"513_821"
"760265";"535"
"760266";"535"
"760267";"510_531_835"
"760268";"510_531_835"
"760269";"515_524_832_835"
"760270";"510_531_835"
"760271";"524"
"760272";"510_531_835"
"760273";"511"
"760274";"515_524_832_835"
"760275";"535"
"760276";"524"
"760277";"518"
"760278";"510_531_835"
"760279";"535"
"760280";"510_511_531_835"
"760281";"Upptåget Gävle"
"760282";"518"
"760283";"518"
"760284";"515_524_832_835"
"760285";"535"
"760286";"510_511_531_835"
"760287";"518"
"760288";"524"
"760289";"510_511_531_835"
"760290";"524"
"760294";"524"
"760295";"510_511_531_835"
"760299";"515_835"
"760302";"513_821"
"760307";"524"
"760308";"511_531"
"760309";"518"
"760310";"517"
"760311";"832"
"760312";"510_511_531_835"
"760313";"835"
"760314";"517"
"760315";"524"
"760316";"531"
"760319";"524"
"760321";"518"
"760322";"832_835"
"760326";"535"
"760327";"513_821"
"760329";"518"
"760330";"518"
"760331";"510_511_531_835"
"760333";"516"
"760334";"517"
"760335";"516"
"760340";"535"
"760341";"516"
"760344";"524"
"760345";"516"
"760346";"524"
"760349";"535"
"760350";"516"
"760351";"513_517_533_821"
"760352";"510_511_531"
"760353";"524"
"760355";"535"
"760357";"513_517_821"
"760358";"510_511_531_835"
"760359";"524"
"760361";"513_517_821"
"760362";"510_517_821"
"760364";"524"
"760366";"516"
"760367";"518"
"760368";"535"
"760369";"510_511_531_835"
"760370";"513_518_835"
"760372";"516"
"760373";"524"
"760374";"510_835"
"760375";"516_535"
"760376";"516"
"760378";"516"
"760380";"535"
"760381";"516_535"
"760382";"511_516_518_531"
"760386";"524"
"760387";"516_518"
"760388";"515"
"760390";"522"
"760391";"518"
"760395";"952"
"760396";"513_835"
"760397";"521"
"760398";"535"
"760399";"535"
"760400";"516_517_518_534_535_821"
"760401";"535"
"760404";"530"
"760405";"513_530"
"760410";"532"
"760411";"510_511_832"
"760412";"510_511_515_521_522_524_531_832_835"
"760416";"516"
"760417";"515_835"
"760418";"521"
"760422";"539"
"760423";"539"
"760424";"532"
"760425";"532"
"760428";"514"
"760430";"516"
"760432";"516_518"
"760433";"952"
"760436";"530"
"760437";"513"
"760438";"521"
"760439";"533_534"
"760605";"532"
"760606";"532"
"760607";"522"
"760608";"532"
"760609";"532"
"760610";"521"
"760611";"524"
"760613";"535"
"760625";"532"
"760630";"531"
"760633";"535"
"760634";"532"
"760637";"522"
"760644";"530"
"760645";"521"
"760703";"533_534"
"760704";"533_534"
"760705";"513_530"
"760706";"532"
"760707";"511"
"779012";"153"
"779015";"102_153"
"779018";"107_130"
"779020";"130"
"779021";"104"
"779050";"106"
"779051";"107_130"
"779052";"107_130"
"779053";"130"
"779054";"108"
"779056";"130"
"779058";"107_130"
"779059";"130"
"779060";"108"
"779063";"108_130"
"779064";"107_130"
"779075";"102_151_153_186"
"779077";"102_153_186"
"779080";"186"
"779081";"186"
"779084";"102_153"
"779085";"108_137_804_895"
"779087";"108_109_804_848_895"
"779092";"109_137_848"
"779093";"102_149_677_801_809"
"779094";"102_149_770_809"
"779096";"102_149_809"
"779116";"106"
"779117";"106"
"779119";"106_157"
"779123";"106_157"
"779126";"106_157"
"779129";"844"
"779133";"844"
"779135";"844"
"779139";"844"
"779142";"88_116_118_119_190_805_811_886"
"779145";"116_118_119_190_805_811_886"
"779146";"104_105"
"779148";"88_116_118_119_190_751_805_811_886"
"779153";"104_105"
"779154";"168"
"779158";"104_105"
"779160";"103_163"
"779167";"192"
"779168";"100_514_821"
"779169";"103_192"
"779172";"161"
"779173";"163"
"779174";"161"
"779175";"164_167"
"779176";"164_167"
"779177";"164_167"
"779178";"167"
"779179";"167"
"779183";"168"
"779184";"168"
"779186";"168"
"779188";"108_130"
"779189";"108_130"
"779190";"108_130"
"779192";"156"
"779197";"160_161_162"
"779198";"162"
"779201";"104"
"779202";"104"
"779203";"104"
"779204";"104"
"779205";"104_160"
"779208";"161"
"779209";"104"
"779210";"163"
"779211";"157"
"779213";"160"
"779411";"126"
"779414";"82"
"779417";"140"
"779437";"126_128"
"779438";"136"
"779447";"137"
"779452";"161"
"779454";"103"
"779455";"103_162"
"779456";"162"
"779457";"156"
"779458";"147"
"779459";"123"
"779460";"145_148"
"779461";"123"
"779462";"156"
"779463";"103"
"779464";"103"
"779465";"157"
"779466";"164"
"779469";"116"
"779470";"162"
"779471";"140_143"
"779472";"164_165"
"779473";"165"
"779474";"161"
"779475";"117"
"779476";"103_163"
"779477";"163"
"779479";"145"
"779481";"139"
"779482";"190"
"779483";"131"
"779484";"136"
"779485";"136"
"779486";"131_132_133"
"779487";"131_132_133"
"779488";"131"
"779489";"133"
"779490";"133"
"779491";"133"
"779492";"133"
"779493";"133"
"779494";"132"
"779495";"133"
"779496";"133"
"779497";"133"
"779498";"133"
"779499";"133"
"779500";"130"
"779501";"130"
"779503";"130"
"779504";"131"
"779505";"131"
"779507";"131_132"
"779508";"131_132"
"779509";"131_132"
"779510";"131_132"
"779511";"131"
"779514";"109"
"779516";"109"
"779517";"164"
"779519";"164"
"779520";"164"
"779521";"164"
"779522";"139"
"779523";"139"
"779524";"139"
"779525";"139"
"779526";"106"
"779529";"156"
"779530";"157"
"779531";"157"
"779533";"135"
"779534";"135"
"779535";"135"
"779536";"135"
"779537";"135"
"779538";"135"
"779539";"135"
"779540";"135"
"779541";"168"
"779542";"134"
"779543";"156"
"779544";"156"
"779545";"104"
"779546";"104"
"779547";"104"
"779548";"167"
"779549";"164_167"
"779550";"164_167"
"779551";"164_167"
"779552";"164_167"
"779553";"167"
"779554";"167"
"779555";"167"
"779556";"160"
"779557";"160"
"779558";"160"
"779559";"106"
"779560";"161"
"779561";"161"
"779562";"161"
"779563";"162"
"779564";"103"
"779565";"103"
"779566";"103"
"779567";"108"
"779568";"103"
"779569";"192"
"779570";"192"
"779572";"192"
"779573";"192"
"779574";"192"
"779575";"192"
"779576";"192"
"779577";"192"
"779578";"192"
"779579";"142"
"779580";"140"
"779581";"140"
"779582";"140"
"779583";"140"
"779584";"140_143"
"779585";"147"
"779586";"147"
"779587";"147"
"779588";"141"
"779589";"141"
"779590";"141"
"779591";"141"
"779592";"141"
"779593";"141"
"779594";"147"
"779595";"146"
"779596";"126"
"779597";"145"
"779598";"145"
"779600";"127"
"779601";"116_127"
"779602";"124_125"
"779603";"124_125"
"779604";"121"
"779605";"121"
"779606";"121"
"779607";"126"
"779608";"126"
"779609";"126"
"779610";"126"
"779612";"126"
"779613";"122"
"779614";"122"
"779615";"122"
"779616";"122"
"779617";"122"
"779618";"122"
"779619";"122"
"779620";"109"
"779621";"147"
"779622";"123"
"779623";"123"
"779624";"125"
"779625";"125"
"779626";"125"
"779627";"120"
"779628";"125"
"779629";"125"
"779630";"125"
"779631";"125"
"779632";"193"
"779633";"193"
"779634";"193"
"779635";"117"
"779636";"148"
"779638";"195"
"779639";"195"
"779640";"195"
"779641";"143"
"779642";"143"
"779643";"127"
"779644";"120"
"779645";"151"
"779647";"195"
"779648";"143"
"779649";"126"
"779650";"156"
"779651";"140_146"
"779652";"109"
"779653";"136"
"779654";"168"
"779655";"532"
"779656";"191"
"779657";"125"
"779658";"192"
"779659";"164"
"779660";"164"
"779661";"120"
"779663";"164"
"779964";"116"
"779965";"116"
"779966";"116"
"779967";"143"
"779969";"137"
"780001";"117_162_193"
"780002";"117_162_193"
"780003";"147"
"780005";"806"
"780008";"102_178_183"
"780009";"109"
"780010";"106_157"
"780011";"106"
"780012";"146_806_809"
"780014";"823"
"780015";"100_160"
"780017";"100_160_161_162_514_821"
"780018";"100_160"
"780020";"108"
"780021";"109_848"
"780023";"117_192_193_194_195"
"780024";"100_160_161_162_514_821"
"780025";"117_823_Upptåget Gävle"
"780027";"143_146_147_806_808_809"
"780028";"848"
"780029";"172_176_180_181"
"780030";"172_180_181"
"780031";"102_176_180_181"
"780032";"102_172"
"780033";"102_172"
"780034";"134"
"780035";"134"
"780036";"109"
"780037";"109"
"780038";"109"
"780039";"109"
"780040";"109"
"780041";"109"
"780042";"109"
"780043";"109"
"780044";"109"
"780045";"139"
"780046";"139"
"780047";"108_132"
"780048";"108_132_133"
"780049";"108_132_133"
"780050";"101_102_172_173_177_180_181_183_185_186_593_SL-pendeln_Upptåget Gävle"
"780051";"108"
"780052";"108_132"
"780053";"108_132"
"780054";"108_132"
"780055";"108"
"780056";"108"
"780057";"108"
"780058";"108"
"780059";"107_130"
"780060";"107_130"
"780063";"108_131_804_895"
"780065";"106"
"780066";"106_156_157"
"780067";"106"
"780068";"106_165"
"780069";"106"
"780070";"106"
"780071";"106"
"780074";"105"
"780075";"104"
"780077";"104"
"780078";"104"
"780079";"104"
"780080";"104_105"
"780081";"131_132"
"780082";"131_132"
"780083";"143"
"780084";"143"
"780085";"143"
"780086";"413"
"780087";"143"
"780088";"143"
"780089";"143"
"780090";"146"
"780091";"146"
"780092";"146"
"780093";"146"
"780094";"143"
"780095";"146"
"780096";"146"
"780097";"146"
"780098";"146"
"780099";"146"
"780100";"146"
"780101";"146"
"780102";"146"
"780103";"146"
"780104";"146"
"780105";"143_808"
"780106";"808"
"780107";"116_118_122_124_125_126_127_128_195"
"780108";"134"
"780110";"805_811_886"
"780114";"751_805_811_886"
"780116";"173_184"
"780119";"147"
"780125";"811"
"780128";"140_141_142_146_147_148_149_806_809"
"780132";"806"
"780133";"124_125_805_886"
"780134";"145"
"780135";"116"
"780136";"116_118"
"780137";"116_118_127"
"780138";"148_149_809"
"780139";"101_188"
"780141";"Upptåget Gävle"
"780142";"192"
"780144";"103"
"780145";"103"
"780146";"103_163_192"
"780147";"192"
"780148";"103_163_192"
"780149";"103"
"780150";"103"
"780151";"103"
"780152";"162"
"780153";"104"
"780154";"106_156_157"
"780155";"106_156_157"
"780156";"124"
"780157";"135_136_137_139"
"780158";"109"
"780159";"105"
"780161";"139"
"780162";"125"
"780163";"116"
"780164";"116"
"780165";"116_127"
"780166";"103"
"780167";"103"
"780169";"103"
"780170";"103"
"780171";"161_514_821"
"780173";"119_199"
"780174";"194"
"780175";"193_194"
"780176";"194"
"780177";"194"
"780179";"117_194"
"780180";"117_194"
"780181";"146"
"780182";"147"
"780183";"147"
"780184";"147"
"780185";"141_147"
"780186";"147"
"780187";"147_805"
"780188";"147"
"780189";"808"
"780190";"808"
"780191";"808"
"780192";"808"
"780193";"808"
"780194";"142_148_149_809"
"780195";"148_149_809"
"780196";"102_149_809"
"780197";"102_151_152_153_186"
"780198";"148"
"780199";"142_148_149_809"
"780200";"146_806_809"
"780201";"88_116_118_119_190_805_811_886"
"780202";"88_116_118_119_190_805_811_886"
"780207";"141"
"780209";"141"
"780210";"141"
"780211";"141"
"780212";"140_146"
"780213";"140_146"
"780214";"140"
"780216";"140"
"780219";"183_184"
"780221";"160"
"780222";"183_185_188"
"780224";"185"
"780225";"147"
"780229";"147"
"780230";"183_185_188"
"780231";"177_183_185_188"
"780232";"102_183_184"
"780233";"101_183_185_187_188"
"780234";"101_173_183_184_185"
"780235";"178"
"780236";"102_183"
"780239";"147"
"780240";"171_172_173_174_177_178_184_185_187"
"780241";"102_173_183"
"780242";"147"
"780243";"101_173_177_183_185_187"
"780244";"147"
"780245";"101_188"
"780246";"147"
"780247";"172_177_180_181"
"780248";"101_188"
"780249";"147"
"780250";"172_177_180_181"
"780252";"101_188"
"780253";"101_188"
"780254";"172_177_180_181"
"780255";"102_171_174_180_181_186"
"780258";"101_173_188"
"780259";"172_177_180_181"
"780260";"131_132"
"780263";"131_132"
"780264";"101_188"
"780265";"172_180_181"
"780266";"108"
"780268";"108"
"780269";"108"
"780270";"108"
"780273";"108"
"780274";"108_131_132"
"780275";"108"
"780277";"108"
"780278";"108_132"
"780279";"108"
"780280";"170_171_677"
"780281";"170_171_677"
"780282";"108_132"
"780283";"108"
"780285";"171_677"
"780286";"170_171_677"
"780287";"101_188"
"780288";"170_178"
"780289";"108_132"
"780290";"677"
"780291";"170_171_677"
"780293";"175_186"
"780297";"170_171"
"780298";"170_171_677"
"780299";"108_132_133"
"780300";"170_171_677"
"780301";"171_677_806"
"780302";"175"
"780303";"171_677"
"780304";"170_171_677"
"780305";"108"
"780306";"170_171_677"
"780307";"171_677"
"780308";"132"
"780309";"131_132"
"780310";"175_186"
"780311";"172_176_180_181"
"780312";"108"
"780314";"175_178_186"
"780316";"108_131_804_895"
"780317";"101_188"
"780318";"108"
"780320";"175"
"780321";"175"
"780322";"175"
"780323";"175"
"780324";"175"
"780325";"108"
"780326";"175_186"
"780328";"175_186"
"780329";"175"
"780330";"175_186"
"780331";"101_188"
"780332";"107_130"
"780333";"108"
"780334";"107_130"
"780335";"171_806"
"780336";"102_172"
"780337";"175"
"780338";"107_130"
"780340";"131_132"
"780341";"133_804_895"
"780342";"175"
"780343";"175_186"
"780344";"108"
"780345";"175_186"
"780346";"171_806"
"780347";"102_172"
"780348";"108"
"780349";"175_186"
"780350";"107_130"
"780351";"108_804_895"
"780352";"101_188"
"780353";"107_130"
"780355";"175"
"780357";"172_174_175_186"
"780358";"175"
"780359";"108"
"780361";"102_172"
"780362";"108_131_804_895"
"780363";"117"
"780364";"172_174_175_178"
"780365";"806"
"780366";"175"
"780367";"108_132_804_895"
"780368";"102_172"
"780369";"175"
"780370";"172_174_175"
"780371";"108_131_804_895"
"780372";"102_172"
"780373";"102_172_186"
"780374";"109_133"
"780375";"175"
"780376";"174_175_186"
"780379";"174_186"
"780380";"108_130_131_804_895"
"780381";"102_175_186"
"780382";"174_186"
"780383";"174_186"
"780384";"108_130"
"780385";"109_133"
"780386";"102_151_186"
"780387";"108_130_131_804_895"
"780388";"806"
"780390";"109_133"
"780391";"102_151_153_186"
"780392";"151_153"
"780393";"109"
"780394";"108_130_131_804_895"
"780395";"109"
"780396";"151_153"
"780397";"109"
"780398";"109_133"
"780399";"108_131_804_895"
"780400";"151_153"
"780401";"151_153"
"780402";"806"
"780403";"109"
"780404";"109"
"780405";"151_153"
"780406";"151_153"
"780407";"151_153"
"780408";"109"
"780409";"109"
"780410";"151_153"
"780411";"806"
"780412";"108_137_804_895"
"780413";"134"
"780414";"109"
"780415";"109"
"780416";"116_118_125_805_886"
"780418";"109"
"780419";"109"
"780420";"145"
"780422";"109_137_848"
"780424";"109_137_848"
"780425";"109_137_848"
"780426";"109_137_848"
"780427";"109_137_848"
"780428";"109_137_848"
"780429";"149_809"
"780430";"148_149_809"
"780431";"109"
"780432";"109_848"
"780434";"109_136_139_848"
"780436";"109_136_137_139_848"
"780438";"109_136_139_848"
"780439";"109"
"780441";"145_148_149_809"
"780442";"145_148_149_809"
"780443";"145_148_149_809"
"780444";"145_148_149_809"
"780445";"148_149_809"
"780446";"109_136_139_848"
"780447";"109"
"780448";"149_809"
"780449";"145_148_149_809"
"780450";"109_139_848"
"780452";"109"
"780453";"146_806_809"
"780454";"109_136_139_848"
"780455";"148_149_809"
"780456";"148_149_809"
"780457";"109_136_139_848"
"780458";"146_806_809"
"780459";"806"
"780460";"109_139_848"
"780461";"146_806_809"
"780462";"148_149_809"
"780464";"134"
"780465";"139_848"
"780466";"136_139_848"
"780467";"140_146_806_809"
"780468";"106_156_157"
"780469";"139_848"
"780470";"146_806_809"
"780471";"142_148_149_809"
"780472";"142_148_149_809"
"780473";"142_148_149_809"
"780474";"134_139_848"
"780475";"139"
"780476";"142_148_149_809"
"780477";"106_156"
"780478";"147"
"780479";"134_139"
"780480";"106_156_157"
"780481";"142_148_149_809"
"780482";"142_148_149_809"
"780483";"106_156_157"
"780485";"848"
"780486";"848"
"780487";"848"
"780488";"146_806_809"
"780490";"142_148_149_809"
"780491";"147"
"780492";"106"
"780495";"147"
"780496";"106"
"780497";"143_146_806_809"
"780498";"106"
"780499";"106"
"780500";"106"
"780501";"106"
"780502";"106_135"
"780503";"125"
"780504";"106"
"780506";"143_146_806_809"
"780507";"139"
"780508";"156"
"780511";"143_146_806_809"
"780512";"139"
"780513";"844"
"780514";"106"
"780515";"156"
"780518";"844"
"780519";"143_147"
"780520";"143_147"
"780521";"156"
"780522";"156_844"
"780523";"106"
"780524";"139"
"780525";"146_147_806_809"
"780526";"146_147_806_809"
"780528";"143_147"
"780529";"143_147"
"780530";"116_118_190_805_811_886"
"780531";"139"
"780532";"156_168_844"
"780533";"147"
"780534";"106"
"780535";"139"
"780536";"147"
"780538";"116_118_122_190_805_811_886"
"780539";"171_174_180_181_186"
"780540";"156_168_844"
"780541";"147"
"780542";"116_118_805_811_886"
"780543";"101_173_183_185_187"
"780544";"101_188"
"780545";"156_168_844"
"780546";"139"
"780547";"147"
"780548";"168_844"
"780549";"844"
"780551";"147"
"780552";"147"
"780553";"106"
"780556";"164_844"
"780557";"106_164_165"
"780558";"139"
"780559";"147"
"780560";"164_165_844"
"780561";"116_118_122"
"780562";"168"
"780563";"147"
"780564";"120_125"
"780565";"120"
"780566";"105"
"780567";"105"
"780569";"116_118_122"
"780570";"164_844"
"780571";"139"
"780572";"120"
"780574";"105_168"
"780576";"147"
"780578";"105_168"
"780579";"120"
"780580";"124_125_805"
"780581";"124_125_805"
"780582";"116_118_122_195"
"780583";"164_165_844"
"780584";"124_125_805"
"780585";"122"
"780586";"124_125_805"
"780587";"120"
"780589";"105"
"780590";"127"
"780591";"147"
"780592";"116_118"
"780593";"752"
"780594";"124_125_805"
"780596";"192"
"780597";"124_125_805"
"780598";"844"
"780599";"192"
"780600";"886"
"780601";"100_514_821"
"780602";"105"
"780604";"122"
"780605";"124_125_805"
"780606";"192"
"780607";"100_514_821"
"780608";"192"
"780609";"164_844"
"780611";"122_195"
"780612";"139"
"780613";"117"
"780614";"121_124_125_805"
"780615";"124_886"
"780616";"844"
"780617";"121"
"780618";"805"
"780619";"127"
"780620";"117"
"780622";"192_193_194_823"
"780623";"116_127"
"780624";"192"
"780626";"104"
"780627";"100_514_821"
"780629";"193_194_823"
"780630";"121"
"780631";"164_844"
"780632";"192"
"780633";"117"
"780634";"164"
"780636";"139"
"780637";"117"
"780638";"192"
"780639";"100_514_821"
"780640";"164_844"
"780641";"192"
"780643";"192"
"780644";"117_195"
"780645";"193_194_823"
"780646";"147_805"
"780647";"192"
"780648";"105"
"780649";"139"
"780651";"121"
"780652";"104"
"780653";"164_844"
"780654";"192"
"780655";"116_127"
"780656";"147_805"
"780657";"105_164"
"780658";"105"
"780659";"105"
"780661";"100_163_514_821"
"780662";"125"
"780663";"105"
"780664";"121"
"780665";"117"
"780666";"105_164"
"780667";"147_805"
"780668";"116_127"
"780669";"193_194_823"
"780670";"805"
"780671";"104"
"780672";"121_811_886"
"780674";"100_163_514_821"
"780675";"105_164"
"780676";"164_844"
"780677";"193_194_823"
"780678";"104"
"780679";"805"
"780680";"116_127"
"780681";"105_164"
"780682";"104"
"780683";"164_844"
"780684";"105_164"
"780685";"104"
"780686";"805"
"780687";"121_811_886"
"780688";"104"
"780689";"116"
"780690";"105"
"780691";"821"
"780692";"100_163_514_821"
"780693";"805"
"780694";"104"
"780696";"104"
"780697";"125"
"780699";"193_194_823"
"780700";"105"
"780701";"104"
"780702";"117_193_194_823"
"780703";"100_163_514_821"
"780704";"105"
"780705";"125"
"780706";"164_167_844"
"780708";"104"
"780710";"805"
"780711";"117_193_194_823"
"780712";"100_163_514_821"
"780714";"103"
"780715";"116_811_886"
"780716";"117_193_194_823"
"780717";"821"
"780718";"194"
"780719";"164_167_844"
"780720";"116"
"780722";"100_514_821"
"780723";"117_193_194_823"
"780726";"105"
"780727";"117_193_194_823"
"780728";"116"
"780729";"805"
"780730";"116"
"780731";"100_514_821"
"780732";"104"
"780733";"117"
"780736";"117"
"780737";"116_121"
"780738";"103"
"780740";"103"
"780741";"121_123"
"780743";"103"
"780745";"164_844"
"780746";"116_121_123"
"780747";"116_121_123"
"780749";"117_194"
"780750";"116"
"780751";"805"
"780753";"116"
"780754";"125"
"780755";"104"
"780756";"193_194_823"
"780757";"100_103"
"780758";"103"
"780759";"121_811_886"
"780761";"844"
"780762";"805"
"780763";"161_821"
"780764";"116"
"780766";"104_160"
"780767";"811_886"
"780768";"100_160_161_162_514_821"
"780769";"823"
"780770";"100_160"
"780771";"805"
"780772";"125"
"780774";"104_160"
"780775";"844"
"780776";"167"
"780777";"116"
"780778";"120_125"
"780779";"161_821"
"780781";"823"
"780784";"823"
"780785";"141_805"
"780786";"104_160"
"780787";"104_160"
"780789";"104_160"
"780790";"161_821"
"780791";"117_193_194"
"780792";"100_160_161_162_514_821"
"780793";"193_194"
"780794";"823"
"780795";"100_160"
"780796";"194"
"780797";"161_514_821"
"780798";"193_194_823"
"780799";"117"
"780801";"160"
"780802";"161_821"
"780803";"194"
"780804";"161_514_821"
"780805";"823"
"780806";"194"
"780807";"160"
"780808";"117_193"
"780809";"160"
"780810";"193_194_823"
"780811";"161_514_821"
"780812";"821"
"780813";"117_193"
"780814";"160"
"780815";"160"
"780816";"193_194_823"
"780818";"823"
"780819";"160"
"780820";"161_514_821"
"780821";"161_821"
"780822";"193_194_823"
"780823";"160"
"780824";"160"
"780825";"103"
"780826";"160"
"780827";"160"
"780828";"162"
"780829";"193_194_752_823"
"780830";"103_117_162_193"
"780831";"161_514_821"
"780832";"193_194_823"
"780833";"103_117_162_193"
"780834";"103"
"780836";"162_194"
"780837";"103_162"
"780838";"103"
"780839";"193_194_823_Upptåget Gävle"
"780840";"162_194"
"780841";"194"
"780842";"161_821"
"780843";"823"
"780844";"161_514_821"
"780845";"514_821"
"780846";"103"
"780847";"161_514"
"780848";"823"
"780849";"109"
"780850";"148_149"
"780851";"131_132_133"
"780852";"130"
"780853";"135"
"780854";"135"
"780857";"130_131_132_133"
"780858";"139"
"780860";"192_193_195"
"780861";"193"
"780862";"193"
"780863";"193"
"780864";"194"
"780865";"194"
"780866";"193"
"780867";"104_161_167"
"780868";"805"
"780869";"145_148"
"780870";"127"
"780871";"141"
"780872";"142"
"780873";"142"
"780874";"122"
"780875";"122"
"780876";"122"
"780877";"126"
"780878";"103_160_161_162_163"
"780879";"191"
"780880";"191"
"780881";"191"
"780882";"191"
"780883";"191"
"780888";"161"
"780889";"161"
"780890";"164"
"780891";"164"
"780892";"164"
"780893";"164"
"780894";"121_123"
"780895";"139"
"780896";"139"
"780897";"109_133"
"780898";"131_132"
"780899";"131"
"780900";"131"
"780901";"133"
"780902";"133"
"780903";"131_132_133"
"780904";"133"
"780905";"131"
"780908";"136"
"780909";"136"
"780910";"135"
"780912";"152"
"780913";"152"
"780914";"152"
"780915";"127"
"780916";"127"
"780917";"116_195"
"780921";"142"
"780922";"142"
"780923";"142"
"780924";"142"
"780927";"148"
"780928";"148"
"780929";"145"
"780930";"137"
"780933";"157"
"780934";"120"
"780938";"106"
"780939";"164"
"780940";"124"
"780942";"123"
"780943";"120_121_123"
"780944";"121"
"780945";"123"
"780946";"124"
"780949";"123"
"780950";"156_157"
"780951";"156"
"780953";"105_167"
"780957";"808"
"780958";"136"
"780959";"131"
"780960";"131"
"780962";"141"
"780965";"152"
"780966";"107_130"
"780967";"153"
"780968";"153"
"780969";"153"
"780976";"153"
"780978";"104_105"
"780979";"157"
"780980";"108_130"
"780981";"126_128"
"780982";"126_128"
"780983";"126_128"
"780984";"126"
"780985";"126_128"
"780987";"163"
"780988";"161"
"780989";"145"
"780990";"161"
"780992";"162"
"780993";"162"
"780994";"103"
"780996";"145"
"780997";"160"
"781001";"804"
"781002";"201_202_203_210_211_212_215_216_220_221_223_224_225_226_237_247_774_803_804_874_876_898"
"781003";"216"
"781004";"204_211"
"781005";"226"
"781007";"234_895"
"781008";"235_895"
"781009";"895"
"781010";"876"
"781011";"876"
"781012";"202_212_220_221_223_247"
"781013";"223_241_242_243"
"781014";"242"
"781015";"224"
"781017";"225"
"781018";"225"
"781019";"225_262_265"
"781020";"210_212_220_221_234"
"781021";"264"
"781022";"281_282"
"781023";"226"
"781024";"226_273"
"781025";"224_254"
"781029";"223"
"781030";"804_895"
"781031";"221"
"781032";"223_246_247"
"781035";"221"
"781038";"221"
"781039";"202_212_220"
"781041";"210_212_220_221_224"
"781047";"220"
"781048";"265"
"781050";"204_211_224_225"
"781051";"210_237_803_804_898"
"781053";"273_876"
"781054";"210"
"781055";"234"
"781061";"246"
"781062";"246"
"781064";"246"
"781066";"221"
"781068";"221"
"781071";"246"
"781072";"246"
"781073";"246"
"781077";"876"
"781079";"221"
"781083";"221"
"781086";"246"
"781087";"221"
"781088";"221"
"781090";"221"
"781091";"876"
"781092";"246"
"781093";"221"
"781094";"246"
"781095";"221"
"781097";"221"
"781098";"221"
"781099";"221"
"781100";"221"
"781101";"876"
"781103";"221"
"781104";"221"
"781105";"876"
"781106";"221"
"781107";"221"
"781108";"221"
"781110";"221"
"781111";"221"
"781112";"221"
"781113";"221_246_247"
"781114";"225"
"781115";"221"
"781116";"876"
"781117";"247"
"781118";"221"
"781119";"241"
"781120";"273_876"
"781122";"876"
"781123";"221"
"781125";"246_247"
"781127";"876"
"781128";"272_876"
"781131";"223"
"781134";"223"
"781135";"223_246_247"
"781136";"876"
"781139";"876"
"781140";"221"
"781141";"223_241"
"781142";"223_242"
"781143";"876"
"781144";"223"
"781145";"226_876"
"781146";"221"
"781148";"272_274_774_874"
"781149";"226_876"
"781150";"272_273_774_874"
"781151";"774_874"
"781156";"202_212_220"
"781157";"774_874"
"781159";"774_874"
"781161";"272_774_874"
"781164";"201_215"
"781166";"201_215_216_225_803_804_876"
"781168";"201_215"
"781169";"271_774_874"
"781171";"202_212_221_223"
"781172";"201_215_216_225_803_804_876"
"781174";"202_212_216_221_223_246_247"
"781175";"271_774_874"
"781176";"201_202_210_212_215_216_220_223"
"781177";"226_774_874"
"781178";"201_211"
"781179";"225"
"781181";"201_202_210_212_215_216_220_223"
"781182";"201_215"
"781186";"223"
"781188";"210_212_220_221"
"781190";"211_226_774_874"
"781192";"210_212_220_221"
"781194";"210"
"781196";"215_216"
"781197";"271"
"781198";"210"
"781199";"201_202_203_210_211_216_220_221_223_225_226_231_237_252_271_273_774_803_804_874_876_898"
"781207";"223"
"781208";"271"
"781210";"201_202_203_204_210_211_216_220_221_223_224_225_226_241_247_774_803_804_874_876_898"
"781212";"203_216"
"781216";"210_774_803_804_898"
"781221";"210_803_804_898"
"781223";"223_251_253"
"781224";"210_803_804_898"
"781226";"234_252_253_254_803_804"
"781227";"223_251"
"781228";"271"
"781229";"803_804"
"781231";"803"
"781232";"803_804"
"781233";"252_253_254_803_804"
"781234";"224_225_282"
"781235";"224_282"
"781236";"253_803"
"781237";"234_251_252_253_254_803_804"
"781238";"223_234_803_804"
"781239";"251_253_803"
"781240";"251_252_253_803"
"781241";"251_803"
"781242";"804"
"781244";"225"
"781245";"895"
"781246";"271_274"
"781247";"224"
"781248";"271_274"
"781249";"804"
"781252";"234_895"
"781253";"271_274"
"781254";"225"
"781255";"271_274"
"781257";"895"
"781258";"271_274"
"781259";"224"
"781260";"225"
"781261";"234_895"
"781262";"234_804"
"781263";"225"
"781264";"234_895"
"781265";"234_895"
"781267";"895"
"781268";"237_895"
"781270";"232_234_804"
"781271";"895"
"781273";"224_254"
"781274";"234_804"
"781277";"225"
"781278";"263"
"781279";"804"
"781280";"234_235_237_895"
"781281";"225"
"781282";"895"
"781286";"224"
"781287";"804"
"781289";"224"
"781292";"225"
"781293";"224_265"
"781295";"895"
"781296";"224"
"781297";"895"
"781300";"262"
"781301";"804"
"781303";"225"
"781304";"265"
"781306";"265"
"781309";"242_243"
"781310";"225"
"781313";"804_895"
"781314";"262"
"781315";"262"
"781316";"224_265"
"781317";"804_895"
"781319";"231"
"781321";"224_265"
"781322";"236_804_895"
"781325";"225"
"781326";"804_895"
"781327";"231_233"
"781328";"262"
"781329";"236_804_895"
"781330";"231"
"781331";"224"
"781332";"225_265"
"781334";"804_895"
"781335";"225"
"781336";"224_261"
"781338";"224_261"
"781339";"224_261"
"781341";"133_804_895"
"781344";"225"
"781345";"224"
"781346";"225"
"781347";"225"
"781349";"231_233"
"781350";"224_261"
"781351";"232"
"781353";"224"
"781355";"237_247"
"781356";"246"
"781358";"224"
"781360";"225_264"
"781364";"261"
"781365";"224"
"781366";"224_263"
"781367";"261"
"781368";"233"
"781370";"261"
"781371";"224"
"781372";"224_261"
"781373";"225"
"781381";"224_263"
"781384";"261_263"
"781385";"261_263"
"781386";"224"
"781387";"225"
"781391";"232"
"781393";"225_264"
"781395";"224"
"781396";"225"
"781398";"225_264"
"781399";"224"
"781400";"225"
"781401";"225_264"
"781402";"224_263"
"781403";"224"
"781404";"224_263"
"781407";"261_262_263_264_265"
"781408";"265"
"781410";"803_804"
"781411";"223"
"781412";"223"
"781413";"221"
"781414";"221"
"781416";"224_234_241_242_246_247_251_253_281_282"
"781417";"231_254"
"781419";"231"
"781420";"231"
"781421";"252_253"
"781422";"234_235"
"781424";"223"
"781426";"201_202_203_210_211_216_220_223"
"781427";"246"
"781428";"220"
"781429";"220"
"781430";"220"
"781431";"220"
"781433";"220"
"781434";"220"
"781435";"220"
"781436";"220"
"781438";"220"
"781501";"201_215"
"781502";"201_211_216"
"781503";"201_211_216"
"781504";"201_211_216"
"781505";"201_211_216"
"781506";"201_211_216"
"781507";"204_211"
"781508";"204_211"
"781509";"204_211"
"781512";"204_211"
"781513";"204_211"
"781514";"204_211"
"781515";"203_215_216"
"781516";"203_216"
"781517";"203_216"
"781519";"210"
"781524";"202_212_220"
"781525";"202_212_220"
"781527";"202_212_220"
"781529";"215_216"
"781531";"216"
"781532";"216"
"781533";"203_216"
"781534";"203_215_216"
"781535";"216"
"781536";"216"
"781537";"216"
"781538";"210"
"781539";"210"
"781540";"210"
"781541";"210"
"781542";"210"
"781543";"251_253"
"781544";"252_253"
"781545";"252_253"
"781546";"252_253"
"781547";"253"
"781548";"232_252_253"
"781549";"252"
"781550";"252_253"
"781551";"252_253"
"781552";"251_252_253_254"
"781553";"251_253"
"781554";"251"
"781555";"251_253"
"781556";"251_253"
"781557";"253"
"781559";"251_253"
"781561";"254"
"781562";"224"
"781563";"231_254"
"781564";"231_254"
"781565";"254"
"781566";"231"
"781567";"231_254"
"781568";"231_254"
"781569";"234_252_254"
"781570";"252_253_254"
"781571";"234_252_253_254"
"781572";"231_254"
"781573";"231"
"781574";"231"
"781578";"231"
"781579";"231"
"781580";"231"
"781581";"231"
"781582";"231"
"781583";"231"
"781584";"231"
"781585";"232_233_235_236_237"
"781587";"232"
"781588";"232"
"781589";"232"
"781590";"232"
"781591";"232"
"781592";"232"
"781593";"231_233"
"781594";"231_233"
"781595";"232_233"
"781596";"232_233"
"781597";"234"
"781598";"234"
"781599";"234"
"781600";"234_235"
"781601";"234_235"
"781603";"234"
"781605";"234_235"
"781606";"234_235"
"781607";"234_235"
"781608";"234_235"
"781609";"234_235"
"781610";"234_235"
"781611";"236"
"781612";"236"
"781613";"236"
"781615";"236"
"781616";"236"
"781617";"236"
"781618";"236"
"781619";"236"
"781620";"237_282"
"781621";"234_237"
"781622";"234_237"
"781623";"237"
"781624";"231_237"
"781625";"237"
"781627";"231_282"
"781628";"241"
"781629";"241"
"781630";"241"
"781631";"241"
"781632";"241"
"781633";"241"
"781634";"241"
"781635";"241"
"781636";"241"
"781637";"271_272_273_274"
"781639";"241"
"781640";"242"
"781642";"242"
"781643";"242"
"781644";"242"
"781645";"242"
"781646";"242"
"781647";"242"
"781648";"242"
"781649";"223_247"
"781650";"223_246_247"
"781651";"223_246_247"
"781652";"246"
"781653";"246"
"781655";"247"
"781657";"263"
"781658";"261"
"781660";"261"
"781661";"264"
"781663";"262"
"781665";"262"
"781667";"262"
"781668";"262"
"781669";"262"
"781671";"263"
"781672";"263"
"781673";"263"
"781674";"261"
"781676";"281"
"781677";"281_282"
"781678";"281"
"781679";"281_282"
"781680";"264"
"781682";"264"
"781683";"262_264"
"781684";"262"
"781685";"262"
"781686";"262"
"781687";"262_264"
"781688";"262"
"781689";"265"
"781690";"265"
"781692";"224_265"
"781693";"265"
"781694";"265"
"781695";"271_274"
"781696";"271"
"781697";"271"
"781698";"271"
"781699";"271"
"781700";"273"
"781701";"273"
"781702";"273"
"781703";"272_273"
"781704";"273"
"781705";"272_273"
"781706";"272_273"
"781707";"272_273"
"781708";"272_273"
"781709";"272_273"
"781710";"273"
"781713";"246_247"
"781715";"246_247"
"781717";"272"
"781718";"272"
"781719";"272"
"781720";"272"
"781721";"281"
"781722";"281"
"781723";"281"
"781724";"281"
"781725";"281"
"781726";"281"
"781727";"281"
"781728";"281"
"781729";"281"
"781730";"281"
"781731";"281"
"781732";"271_274"
"781733";"271_274"
"781734";"272_273_274"
"781735";"271"
"781736";"271"
"781737";"271"
"781739";"271"
"781741";"281_282"
"781742";"282"
"781743";"224_282"
"781744";"224_282"
"781745";"241_242_243"
"781746";"241_242_243"
"781748";"242"
"781750";"242_243"
"781751";"242_243"
"781752";"241_242_243"
"781753";"242_243"
"781754";"247"
"781757";"220"
"781760";"221"
"781764";"232"
"781765";"233"
"781766";"232"
"781767";"233"
"781768";"234_235"
"781769";"236"
"781770";"236"
"781771";"234_237"
"781772";"234_237"
"781773";"237"
"781774";"241"
"781775";"241"
"781776";"242_243"
"781778";"246"
"781779";"252_253"
"781780";"234_252_253"
"781781";"232_252_253"
"781782";"252"
"781783";"251_253"
"781784";"251_252_253"
"781785";"254"
"781786";"224_254"
"781787";"254"
"781788";"261_262_265"
"781789";"262"
"781790";"265"
"781791";"263"
"781792";"224_263"
"781793";"263"
"781794";"263"
"781795";"264"
"781796";"265"
"781797";"271"
"781799";"271_274"
"781800";"271_274"
"781801";"281_282"
"781802";"281_282"
"781803";"281"
"781804";"281"
"781805";"273"
"781806";"273"
"781807";"234_235"
"781808";"251_253"
"781809";"262"
"781811";"231"
"781812";"234_235"
"781813";"235"
"781814";"234_235"
"781815";"241"
"781816";"241"
"781817";"241"
"781818";"241"
"781819";"241"
"781820";"242"
"781821";"246_247"
"781822";"251_253"
"781824";"252_253"
"781825";"252"
"781826";"232_252_253"
"781828";"251_253"
"781829";"251"
"781830";"254"
"781831";"254"
"781832";"254"
"781833";"254"
"781834";"261"
"781835";"261"
"781836";"261"
"781837";"261"
"781838";"261"
"781839";"262_264"
"781840";"262"
"781841";"262"
"781842";"262"
"781843";"262"
"781844";"224_263"
"781845";"224_263"
"781846";"263"
"781847";"263"
"781848";"263"
"781849";"264"
"781850";"264"
"781851";"265"
"781852";"265"
"781853";"265"
"781854";"265"
"781857";"281_282"
"781858";"281"
"781859";"271"
"781860";"271"
"781861";"271"
"781864";"273"
"781865";"273"
"781866";"273"
"781867";"273"
"781868";"273"
"781869";"273"
"781870";"273"
"781871";"273"
"781872";"234_237"
"781873";"234_237"
"781874";"237"
"781875";"235_237"
"781876";"232"
"781878";"231"
"781879";"231_233"
"781880";"232"
"781882";"241_242_243"
"781883";"242"
"781884";"242"
"781885";"242_243"
"781886";"281"
"781887";"232"
"781888";"251_253"
"781889";"251_253"
"781890";"251_253"
"781891";"261_263"
"782001";"428"
"782002";"418_428"
"782003";"418_428"
"782004";"775_811_835_852_853_854_857_860_911"
"782005";"418_428"
"782006";"428"
"782007";"428"
"782008";"427"
"782009";"859"
"782010";"427"
"782011";"853"
"782013";"835_855"
"782014";"811_817_851_911"
"782015";"811_853_854_855_Gräsöfärjan"
"782016";"751_752_753_832_835_855_858_859_860"
"782017";"426_427_428_752_777_817_823_826_917"
"782018";"120_125_412_413_418_419_420_751_775_811_858_886"
"782021";"853_854"
"782022";"428"
"782023";"428"
"782024";"777_823"
"782025";"823"
"782028";"458"
"782029";"855"
"782030";"855"
"782031";"855"
"782032";"852"
"782033";"852"
"782034";"851"
"782035";"851"
"782036";"851"
"782037";"851"
"782038";"851"
"782039";"851"
"782040";"450_851"
"782043";"419"
"782045";"859"
"782046";"811_835_857_859_911"
"782047";"860"
"782048";"853_854"
"782049";"420"
"782050";"852"
"782051";"860"
"782052";"860"
"782053";"859"
"782054";"859"
"782055";"859"
"782056";"752_832_835_855_858_859_860"
"782057";"413"
"782058";"856"
"782061";"411"
"782063";"886"
"782064";"886"
"782065";"886"
"782066";"886"
"782069";"817_851_911_917"
"782071";"427"
"782072";"852"
"782075";"853_854_855"
"782076";"811_835_852_853_854_857_859_911"
"782077";"450_452_811_858_911"
"782078";"411_751_775_811_858"
"782079";"418"
"782081";"826_832_835_855_858_859_860"
"782082";"751_752_753_826_832_835_855_858_859_860"
"782083";"826"
"782084";"826"
"782085";"413"
"782086";"413"
"782087";"413"
"782088";"413"
"782089";"413"
"782090";"450_811_858_911"
"782093";"458_811_858"
"782094";"411_412_811_858"
"782095";"458_857"
"782096";"458_857"
"782097";"458"
"782098";"458_857"
"782099";"430_811_835_853_854_859_860"
"782100";"811_854_855"
"782101";"811_853_854_855_856"
"782102";"811_853_854"
"782104";"142"
"782106";"412_413"
"782109";"418"
"782110";"418"
"782111";"418"
"782112";"458"
"782113";"439"
"782114";"851"
"782115";"458_857"
"782116";"751_752_753_826_832_855_858_859_860"
"782123";"852_860"
"782124";"860"
"782125";"860"
"782126";"860"
"782129";"859"
"782130";"811_886"
"782131";"125_420"
"782132";"125_420_811_886"
"782133";"413"
"782134";"146_413"
"782135";"125_420_811_886"
"782136";"413"
"782137";"125_420_811_886"
"782138";"412_413"
"782141";"418_419"
"782142";"413"
"782143";"418_419"
"782144";"430"
"782146";"418_419"
"782147";"412_413"
"782148";"413"
"782149";"125_411_412_418_419_420_886"
"782151";"430"
"782152";"411_418_886"
"782154";"411_811_858"
"782155";"412_413"
"782156";"430"
"782158";"412_413"
"782159";"412_413"
"782161";"411_811_858"
"782162";"419"
"782163";"419"
"782165";"418_419"
"782166";"418"
"782167";"418_419"
"782169";"411_811_858"
"782170";"418"
"782172";"857"
"782173";"411_811_858"
"782174";"857"
"782176";"418"
"782178";"411_811_858"
"782179";"418"
"782180";"418"
"782181";"411_811_858"
"782182";"857"
"782183";"857"
"782184";"411"
"782186";"411"
"782187";"411"
"782188";"411"
"782189";"857"
"782190";"418_428"
"782191";"428"
"782192";"411"
"782193";"411_811_858"
"782194";"428"
"782196";"752_823"
"782197";"418_428"
"782198";"418"
"782202";"823"
"782203";"857"
"782204";"428"
"782205";"811_858"
"782206";"817_917"
"782207";"817_917"
"782208";"857"
"782209";"817_917"
"782210";"817_917"
"782211";"823"
"782212";"428"
"782215";"428_817_917"
"782218";"427"
"782219";"427"
"782220";"817_917"
"782221";"427"
"782222";"854"
"782223";"450_458_851_911_917"
"782224";"775_811_858"
"782225";"430"
"782226";"427"
"782227";"857"
"782229";"854"
"782231";"430"
"782233";"817_917"
"782234";"428_817_917"
"782235";"823"
"782236";"854"
"782237";"427"
"782238";"458_857"
"782239";"458_857"
"782240";"817_851"
"782241";"458_857"
"782243";"857"
"782244";"854"
"782245";"458_857"
"782247";"811_817"
"782248";"439"
"782249";"811_817"
"782250";"427"
"782251";"458_857"
"782253";"458"
"782257";"823"
"782258";"428_817_917"
"782259";"458_857"
"782260";"427"
"782261";"458_857"
"782262";"428_817_917"
"782265";"439"
"782266";"854"
"782267";"427_817"
"782268";"458_857"
"782269";"817"
"782270";"427_817"
"782271";"427_817"
"782273";"426_427_777_817_823"
"782274";"427_817"
"782275";"854"
"782277";"426_427_428_817"
"782279";"854"
"782280";"426_427_777_817_823"
"782281";"427_817"
"782282";"426_428"
"782283";"450_452_811_851_858_911"
"782284";"817"
"782285";"854"
"782286";"426_428"
"782288";"857"
"782290";"826"
"782292";"426_428"
"782293";"852"
"782294";"450_452_811_851_858_911"
"782295";"817"
"782296";"427_817"
"782297";"427_817"
"782300";"852"
"782301";"826"
"782303";"439_857"
"782305";"852"
"782306";"450_452_811_851_858_911"
"782309";"450_452_811_851_858_911"
"782310";"439"
"782311";"450_452_811_858_911"
"782312";"826"
"782314";"854"
"782315";"450_452_811_858_911"
"782316";"851"
"782317";"857"
"782318";"426"
"782319";"450_452_811_858_911"
"782321";"426"
"782322";"752_826"
"782324";"857"
"782325";"426"
"782326";"439"
"782327";"832_835"
"782328";"450_851"
"782329";"426"
"782330";"450_452_811_858_911"
"782332";"426_826"
"782334";"450"
"782335";"857"
"782336";"852"
"782337";"811_858_911"
"782338";"452"
"782339";"851"
"782340";"854"
"782341";"811_858_911"
"782342";"852"
"782343";"852"
"782344";"811_858_911"
"782345";"426_826"
"782347";"811_857_858_911"
"782348";"851"
"782349";"826_832_835_851"
"782350";"450"
"782352";"426_826"
"782353";"852"
"782354";"426_826"
"782355";"832_835"
"782356";"811_859_911"
"782359";"851"
"782361";"854"
"782362";"854"
"782364";"426_826"
"782365";"854"
"782367";"775_811_835_853_854_857_859_911"
"782368";"854"
"782369";"426_826"
"782370";"835_855"
"782371";"853_854_Gräsöfärjan"
"782372";"811_835_853_854_859_860"
"782374";"426_826"
"782375";"851"
"782376";"852"
"782378";"426_826"
"782379";"852"
"782380";"853"
"782382";"835_855"
"782384";"450"
"782385";"811_835_853_854_859_860"
"782387";"450"
"782388";"811_853_854_855_856"
"782389";"826_851"
"782390";"853"
"782391";"426_752_826"
"782392";"835_855"
"782393";"811_853_854_855_856"
"782395";"752_826_851"
"782396";"811_835_853_854_859_860"
"782397";"826"
"782398";"852_856"
"782399";"855_856"
"782400";"852"
"782401";"811_853_854_855_856"
"782403";"450"
"782404";"811_853_854_855_856"
"782405";"852"
"782406";"430_811_835_853_854_859_860"
"782407";"426"
"782408";"835_855"
"782409";"811_853_854_855_856"
"782412";"835_855"
"782413";"851"
"782414";"826"
"782417";"835_855"
"782419";"851"
"782420";"853_856"
"782421";"811_854_855"
"782422";"851"
"782423";"430_811_853_854_855"
"782424";"851"
"782426";"853_856"
"782427";"826"
"782428";"853"
"782429";"835_855"
"782430";"430_811_835_853_854_859_860"
"782431";"853"
"782432";"826_851"
"782433";"426"
"782434";"851"
"782435";"853"
"782436";"826_851"
"782437";"851"
"782439";"426"
"782440";"426"
"782441";"826"
"782442";"835_855"
"782443";"853"
"782444";"826_851"
"782445";"430_811_853_854_855"
"782446";"430_811_853_854_855"
"782447";"826_851"
"782448";"426"
"782449";"430_835_855"
"782450";"458"
"782451";"752_826_851"
"782453";"860"
"782454";"860"
"782458";"852"
"782459";"856"
"782460";"450_452_811_858_911"
"782461";"856"
"782462";"856"
"782463";"856"
"782464";"856"
"782465";"854_856"
"782467";"450_452_458_851"
"782468";"412_413"
"782469";"412"
"782470";"412"
"782483";"426_427_428"
"782484";"426"
"782487";"430_439_852"
"782490";"439"
"782491";"439"
"782495";"452"
"782501";"851"
"782503";"412_811_858"
"782504";"886"
"782506";"826"
"782507";"817_823"
"782512";"418"
"782514";"120_420"
"782515";"420"
"782518";"854"
"782520";"458"
"782521";"854"
"782523";"458"
"782524";"411"
"782526";"439"
"782528";"439"
"782530";"811_857_911"
"782532";"852"
"782535";"852"
"782536";"852"
"791236";"185"
"791274";"677"
"791305";"SL-pendeln_Upptåget Sala_Upptåget Gävle"
"792024";"501_510"
"793002";"513"
"793003";"513"
"793005";"848"
"793006";"848"
"793007";"848"
"793008";"848"
"793009";"848"
"793010";"848"
"793011";"848"
"793012";"848"
"793013";"848"
"793014";"848"
"793015";"848"
"793016";"848"
"793017";"225"
"793018";"225"
"793019";"225"
"793020";"225"
"793021";"844"
"793022";"844"
"793023";"848"
"793024";"848"
"793033";"513_772_844_865_867"
"793034";"848_Upptåget Sala"
"793035";"225_848_865_867"
"793036";"848_Upptåget Sala"
"793048";"774_874"
"793049";"848"
"793051";"225_848_865_867_Upptåget Sala"
"793052";"773_774_874"
"793053";"773_774_874"
"793056";"225"
"793059";"225"
"793060";"848"
"793061";"848"
"793063";"848"
"793064";"848"
"793065";"848"
"793066";"225"
"793067";"848"
"793068";"848"
"793070";"225"
"793071";"848"
"793073";"848"
"793075";"225"
"793078";"848"
"793081";"848"
"793082";"225_848"
"793083";"848"
"793085";"848"
"793086";"848"
"793087";"848"
"793088";"844"
"793089";"844"
"793090";"844"
"793092";"844"
"793093";"844"
"793094";"844"
"793095";"844"
"793097";"772_844"
"793098";"844"
"793099";"844"
"793100";"844"
"793103";"844"
"793104";"844"
"793107";"844"
"793108";"844"
"793109";"513"
"793111";"513"
"793112";"513"
"793113";"513"
"793115";"772_844"
"793116";"513"
"793117";"513"
"793118";"513"
"793119";"513"
"793120";"513"
"793121";"513"
"793122";"513"
"793123";"513"
"793124";"513"
"793125";"513"
"793126";"513"
"793131";"865_867"
"793134";"867"
"793136";"844_865"
"793137";"848"
"793139";"773_774_874"
"799001";"515"
"799002";"515_521"
"799003";"131_132"
"799006";"808"
"799007";"261_263"
"799008";"517"
"799009";"168"
"799480";"192"
"799481";"131_132_133"
"799482";"192"
